-- MedConnect AI Seed Data SQL Script
-- Run this against your database to populate demo data.

INSERT INTO users (id, created_at, updated_at, email, hashed_password, full_name, role, is_active)
VALUES ('2109ce64-4498-4124-a08e-d00cf7e570e3', '2026-07-10 00:25:08', '2026-07-10 00:25:08', 'demo@medconnect.com', 'mock', 'Demo User', 'field_rep', true);

INSERT INTO doctors (id, created_at, updated_at, name, specialty, hospital, city, email, phone)
VALUES ('8b1c2844-b195-4547-9d6f-fcd913a80110', '2026-07-10 00:25:08', '2026-07-10 00:25:08', 'Dr. Linda Garcia', 'Internal Medicine', 'University Hospital', 'Los Angeles', 'linda.garcia@example.com', '555-646-1740');
INSERT INTO doctors (id, created_at, updated_at, name, specialty, hospital, city, email, phone)
VALUES ('ac1ebe36-dceb-43fa-8f09-a71be1218625', '2026-07-10 00:25:08', '2026-07-10 00:25:08', 'Dr. Jessica Lopez', 'Oncology', 'City Medical Center', 'Phoenix', 'jessica.lopez@example.com', '555-316-9463');
INSERT INTO doctors (id, created_at, updated_at, name, specialty, hospital, city, email, phone)
VALUES ('852f18b9-d905-4f1e-898f-73a6bef9b373', '2026-07-10 00:25:08', '2026-07-10 00:25:08', 'Dr. Thomas Thomas', 'Neurology', 'Veterans Affairs Medical Center', 'Phoenix', 'thomas.thomas@example.com', '555-898-7449');
INSERT INTO doctors (id, created_at, updated_at, name, specialty, hospital, city, email, phone)
VALUES ('0329873e-b5bd-4dbc-93b6-c4c9d60bf471', '2026-07-10 00:25:08', '2026-07-10 00:25:08', 'Dr. Joseph Williams', 'Cardiology', 'Memorial Clinic', 'New York', 'joseph.williams@example.com', '555-711-8831');
INSERT INTO doctors (id, created_at, updated_at, name, specialty, hospital, city, email, phone)
VALUES ('b3c5109e-5b1d-4db7-8e23-69914243aa81', '2026-07-10 00:25:08', '2026-07-10 00:25:08', 'Dr. John Anderson', 'Neurology', 'Veterans Affairs Medical Center', 'Dallas', 'john.anderson@example.com', '555-689-1850');
INSERT INTO doctors (id, created_at, updated_at, name, specialty, hospital, city, email, phone)
VALUES ('bcb7674f-0b9f-47ca-af54-8812d89ec35c', '2026-07-10 00:25:08', '2026-07-10 00:25:08', 'Dr. Robert Johnson', 'Cardiology', 'Memorial Clinic', 'Houston', 'robert.johnson@example.com', '555-598-2797');
INSERT INTO doctors (id, created_at, updated_at, name, specialty, hospital, city, email, phone)
VALUES ('675071c5-ba76-41f5-8036-2fccd16697ed', '2026-07-10 00:25:08', '2026-07-10 00:25:08', 'Dr. Joseph Garcia', 'Neurology', 'Mount Sinai', 'Philadelphia', 'joseph.garcia@example.com', '555-682-2491');
INSERT INTO doctors (id, created_at, updated_at, name, specialty, hospital, city, email, phone)
VALUES ('41b9d6c1-b7d9-4b21-bb67-cd2b33c5776d', '2026-07-10 00:25:08', '2026-07-10 00:25:08', 'Dr. William Anderson', 'Oncology', 'Memorial Clinic', 'San Antonio', 'william.anderson@example.com', '555-578-4523');
INSERT INTO doctors (id, created_at, updated_at, name, specialty, hospital, city, email, phone)
VALUES ('923b42fa-e4d4-4dd4-ac99-1e366d89db4c', '2026-07-10 00:25:08', '2026-07-10 00:25:08', 'Dr. John Hernandez', 'Oncology', 'General Hospital', 'Dallas', 'john.hernandez@example.com', '555-910-4586');
INSERT INTO doctors (id, created_at, updated_at, name, specialty, hospital, city, email, phone)
VALUES ('ebee3d17-63c0-4c9d-ba19-261c692638d9', '2026-07-10 00:25:08', '2026-07-10 00:25:08', 'Dr. Mary Taylor', 'Neurology', 'Veterans Affairs Medical Center', 'New York', 'mary.taylor@example.com', '555-233-1958');

INSERT INTO interactions (id, created_at, updated_at, doctor_id, interaction_date, interaction_type, status, raw_notes, ai_summary, sentiment, products_discussed, follow_up_date)
VALUES ('5fa5a9d2-40e2-4854-a8f2-10cf1fce7699', '2026-06-16 00:25:08', '2026-06-16 00:25:08', '8b1c2844-b195-4547-9d6f-fcd913a80110', '2026-06-16 00:25:08', 'phone', 'completed', 'Discussed recent clinical trials for NeuroShield, EndoGlow. Dr. Garcia seemed neutral about the data.', 'Interaction focused on NeuroShield, EndoGlow. Key takeaway: neutral sentiment observed regarding efficacy.', 'neutral', '["NeuroShield", "EndoGlow"]', NULL);
INSERT INTO follow_ups (id, created_at, updated_at, doctor_id, interaction_id, due_date, description, priority, status)
VALUES ('39654eab-9fb3-487e-a32a-7155ac52c367', '2026-07-22 00:25:08', '2026-07-22 00:25:08', '8b1c2844-b195-4547-9d6f-fcd913a80110', '5fa5a9d2-40e2-4854-a8f2-10cf1fce7699', '2026-07-22', 'Send detailed clinical trial reports for NeuroShield.', 'medium', 'pending');
INSERT INTO interactions (id, created_at, updated_at, doctor_id, interaction_date, interaction_type, status, raw_notes, ai_summary, sentiment, products_discussed, follow_up_date)
VALUES ('9b44689b-873e-45f1-a9aa-33fb19af050e', '2026-06-12 00:25:08', '2026-06-12 00:25:08', '8b1c2844-b195-4547-9d6f-fcd913a80110', '2026-06-12 00:25:08', 'in-person', 'completed', 'Discussed recent clinical trials for Immuner, NeuroShield. Dr. Garcia seemed negative about the data.', 'Interaction focused on Immuner, NeuroShield. Key takeaway: negative sentiment observed regarding efficacy.', 'negative', '["Immuner", "NeuroShield"]', NULL);
INSERT INTO follow_ups (id, created_at, updated_at, doctor_id, interaction_id, due_date, description, priority, status)
VALUES ('63117a15-238c-4d36-879a-f537b76e8bb5', '2026-07-22 00:25:08', '2026-07-22 00:25:08', '8b1c2844-b195-4547-9d6f-fcd913a80110', '9b44689b-873e-45f1-a9aa-33fb19af050e', '2026-07-22', 'Send detailed clinical trial reports for Immuner.', 'high', 'pending');
INSERT INTO ai_recommendations (id, created_at, updated_at, doctor_id, title, description, metadata_data, status)
VALUES ('e3ca36de-ec9a-4475-b094-4e38711567f7', '2026-07-10 00:25:08', '2026-07-10 00:25:08', '8b1c2844-b195-4547-9d6f-fcd913a80110', 'Focus on Internal Medicine Applications', 'Based on previous positive engagement, Dr. Garcia is a strong candidate for early adoption of our upcoming line of Internal Medicine therapeutics. Recommend scheduling an in-person lunch meeting to present upcoming Q4 trial results.', '{"confidence": 89, "topics": ["Internal Medicine", "early adoption"]}', 'active');
INSERT INTO interactions (id, created_at, updated_at, doctor_id, interaction_date, interaction_type, status, raw_notes, ai_summary, sentiment, products_discussed, follow_up_date)
VALUES ('9f2c1d12-4eca-4999-9627-3eb82e36906b', '2026-04-14 00:25:08', '2026-04-14 00:25:08', 'ac1ebe36-dceb-43fa-8f09-a71be1218625', '2026-04-14 00:25:08', 'conference', 'completed', 'Discussed recent clinical trials for EndoGlow. Dr. Lopez seemed negative about the data.', 'Interaction focused on EndoGlow. Key takeaway: negative sentiment observed regarding efficacy.', 'negative', '["EndoGlow"]', NULL);
INSERT INTO interactions (id, created_at, updated_at, doctor_id, interaction_date, interaction_type, status, raw_notes, ai_summary, sentiment, products_discussed, follow_up_date)
VALUES ('59384adc-8ce0-46f8-a158-eeff560a20b6', '2026-06-20 00:25:08', '2026-06-20 00:25:08', 'ac1ebe36-dceb-43fa-8f09-a71be1218625', '2026-06-20 00:25:08', 'in-person', 'completed', 'Discussed recent clinical trials for EndoGlow, Immuner. Dr. Lopez seemed positive about the data.', 'Interaction focused on EndoGlow, Immuner. Key takeaway: positive sentiment observed regarding efficacy.', 'positive', '["EndoGlow", "Immuner"]', NULL);
INSERT INTO interactions (id, created_at, updated_at, doctor_id, interaction_date, interaction_type, status, raw_notes, ai_summary, sentiment, products_discussed, follow_up_date)
VALUES ('76d77d51-b339-4b0e-9b69-b3184a1346cd', '2026-05-12 00:25:08', '2026-05-12 00:25:08', 'ac1ebe36-dceb-43fa-8f09-a71be1218625', '2026-05-12 00:25:08', 'email', 'completed', 'Discussed recent clinical trials for EndoGlow, NeuroShield. Dr. Lopez seemed negative about the data.', 'Interaction focused on EndoGlow, NeuroShield. Key takeaway: negative sentiment observed regarding efficacy.', 'negative', '["EndoGlow", "NeuroShield"]', NULL);
INSERT INTO follow_ups (id, created_at, updated_at, doctor_id, interaction_id, due_date, description, priority, status)
VALUES ('76a78408-7d5c-43a9-aa22-ad1f3f4d9407', '2026-07-19 00:25:08', '2026-07-19 00:25:08', 'ac1ebe36-dceb-43fa-8f09-a71be1218625', '76d77d51-b339-4b0e-9b69-b3184a1346cd', '2026-07-19', 'Send detailed clinical trial reports for EndoGlow.', 'medium', 'pending');
INSERT INTO interactions (id, created_at, updated_at, doctor_id, interaction_date, interaction_type, status, raw_notes, ai_summary, sentiment, products_discussed, follow_up_date)
VALUES ('4a801935-b9be-4b5f-ac5c-7fdcf5e1f720', '2026-05-20 00:25:08', '2026-05-20 00:25:08', 'ac1ebe36-dceb-43fa-8f09-a71be1218625', '2026-05-20 00:25:08', 'video', 'completed', 'Discussed recent clinical trials for RespiraClear. Dr. Lopez seemed positive about the data.', 'Interaction focused on RespiraClear. Key takeaway: positive sentiment observed regarding efficacy.', 'positive', '["RespiraClear"]', NULL);
INSERT INTO follow_ups (id, created_at, updated_at, doctor_id, interaction_id, due_date, description, priority, status)
VALUES ('6f835dec-f778-4a9b-83ce-ba4b4fcaa7f2', '2026-07-23 00:25:08', '2026-07-23 00:25:08', 'ac1ebe36-dceb-43fa-8f09-a71be1218625', '4a801935-b9be-4b5f-ac5c-7fdcf5e1f720', '2026-07-23', 'Send detailed clinical trial reports for RespiraClear.', 'high', 'pending');
INSERT INTO interactions (id, created_at, updated_at, doctor_id, interaction_date, interaction_type, status, raw_notes, ai_summary, sentiment, products_discussed, follow_up_date)
VALUES ('fc25da84-efde-4a16-b75c-8c754b5ebb5f', '2026-04-27 00:25:08', '2026-04-27 00:25:08', 'ac1ebe36-dceb-43fa-8f09-a71be1218625', '2026-04-27 00:25:08', 'email', 'completed', 'Discussed recent clinical trials for Immuner, EndoGlow. Dr. Lopez seemed positive about the data.', 'Interaction focused on Immuner, EndoGlow. Key takeaway: positive sentiment observed regarding efficacy.', 'positive', '["Immuner", "EndoGlow"]', NULL);
INSERT INTO follow_ups (id, created_at, updated_at, doctor_id, interaction_id, due_date, description, priority, status)
VALUES ('fa538353-646b-4b8a-8339-252829d55f5e', '2026-07-19 00:25:08', '2026-07-19 00:25:08', 'ac1ebe36-dceb-43fa-8f09-a71be1218625', 'fc25da84-efde-4a16-b75c-8c754b5ebb5f', '2026-07-19', 'Send detailed clinical trial reports for Immuner.', 'medium', 'pending');
INSERT INTO ai_recommendations (id, created_at, updated_at, doctor_id, title, description, metadata_data, status)
VALUES ('84dcc3a2-6c3d-45af-a892-8eb3ccb47692', '2026-07-10 00:25:08', '2026-07-10 00:25:08', 'ac1ebe36-dceb-43fa-8f09-a71be1218625', 'Focus on Oncology Applications', 'Based on previous positive engagement, Dr. Lopez is a strong candidate for early adoption of our upcoming line of Oncology therapeutics. Recommend scheduling an in-person lunch meeting to present upcoming Q4 trial results.', '{"confidence": 75, "topics": ["Oncology", "early adoption"]}', 'active');
INSERT INTO interactions (id, created_at, updated_at, doctor_id, interaction_date, interaction_type, status, raw_notes, ai_summary, sentiment, products_discussed, follow_up_date)
VALUES ('78ef6023-627c-4e5b-a8a2-e418ad2b5e09', '2026-05-05 00:25:08', '2026-05-05 00:25:08', '852f18b9-d905-4f1e-898f-73a6bef9b373', '2026-05-05 00:25:08', 'video', 'completed', 'Discussed recent clinical trials for DiabetX, CardioMax. Dr. Thomas seemed positive about the data.', 'Interaction focused on DiabetX, CardioMax. Key takeaway: positive sentiment observed regarding efficacy.', 'positive', '["DiabetX", "CardioMax"]', NULL);
INSERT INTO interactions (id, created_at, updated_at, doctor_id, interaction_date, interaction_type, status, raw_notes, ai_summary, sentiment, products_discussed, follow_up_date)
VALUES ('718310f7-45f9-4a40-ada2-638cf464a3db', '2026-05-22 00:25:08', '2026-05-22 00:25:08', '852f18b9-d905-4f1e-898f-73a6bef9b373', '2026-05-22 00:25:08', 'phone', 'completed', 'Discussed recent clinical trials for DiabetX. Dr. Thomas seemed positive about the data.', 'Interaction focused on DiabetX. Key takeaway: positive sentiment observed regarding efficacy.', 'positive', '["DiabetX"]', NULL);
INSERT INTO follow_ups (id, created_at, updated_at, doctor_id, interaction_id, due_date, description, priority, status)
VALUES ('6b7372c0-61dd-4b8d-992c-91e426708e62', '2026-07-16 00:25:08', '2026-07-16 00:25:08', '852f18b9-d905-4f1e-898f-73a6bef9b373', '718310f7-45f9-4a40-ada2-638cf464a3db', '2026-07-16', 'Send detailed clinical trial reports for DiabetX.', 'high', 'pending');
INSERT INTO ai_recommendations (id, created_at, updated_at, doctor_id, title, description, metadata_data, status)
VALUES ('3065752d-06a1-4c6b-a18e-8006052cf36f', '2026-07-10 00:25:08', '2026-07-10 00:25:08', '852f18b9-d905-4f1e-898f-73a6bef9b373', 'Focus on Neurology Applications', 'Based on previous positive engagement, Dr. Thomas is a strong candidate for early adoption of our upcoming line of Neurology therapeutics. Recommend scheduling an in-person lunch meeting to present upcoming Q4 trial results.', '{"confidence": 79, "topics": ["Neurology", "early adoption"]}', 'active');
INSERT INTO interactions (id, created_at, updated_at, doctor_id, interaction_date, interaction_type, status, raw_notes, ai_summary, sentiment, products_discussed, follow_up_date)
VALUES ('2fd09e48-dd05-4003-afd7-748cfdec74af', '2026-05-16 00:25:08', '2026-05-16 00:25:08', '0329873e-b5bd-4dbc-93b6-c4c9d60bf471', '2026-05-16 00:25:08', 'phone', 'completed', 'Discussed recent clinical trials for DiabetX. Dr. Williams seemed positive about the data.', 'Interaction focused on DiabetX. Key takeaway: positive sentiment observed regarding efficacy.', 'positive', '["DiabetX"]', NULL);
INSERT INTO interactions (id, created_at, updated_at, doctor_id, interaction_date, interaction_type, status, raw_notes, ai_summary, sentiment, products_discussed, follow_up_date)
VALUES ('3a4d8c80-27a9-4e5c-b196-a28a7b35cce7', '2026-06-22 00:25:08', '2026-06-22 00:25:08', '0329873e-b5bd-4dbc-93b6-c4c9d60bf471', '2026-06-22 00:25:08', 'video', 'completed', 'Discussed recent clinical trials for Immuner. Dr. Williams seemed positive about the data.', 'Interaction focused on Immuner. Key takeaway: positive sentiment observed regarding efficacy.', 'positive', '["Immuner"]', NULL);
INSERT INTO follow_ups (id, created_at, updated_at, doctor_id, interaction_id, due_date, description, priority, status)
VALUES ('aef929e4-48b6-485b-9f40-11d0be8fdf64', '2026-07-21 00:25:08', '2026-07-21 00:25:08', '0329873e-b5bd-4dbc-93b6-c4c9d60bf471', '3a4d8c80-27a9-4e5c-b196-a28a7b35cce7', '2026-07-21', 'Send detailed clinical trial reports for Immuner.', 'medium', 'pending');
INSERT INTO interactions (id, created_at, updated_at, doctor_id, interaction_date, interaction_type, status, raw_notes, ai_summary, sentiment, products_discussed, follow_up_date)
VALUES ('467985a6-c13d-4996-8047-7832b1eb0285', '2026-07-01 00:25:08', '2026-07-01 00:25:08', '0329873e-b5bd-4dbc-93b6-c4c9d60bf471', '2026-07-01 00:25:08', 'phone', 'completed', 'Discussed recent clinical trials for RespiraClear. Dr. Williams seemed positive about the data.', 'Interaction focused on RespiraClear. Key takeaway: positive sentiment observed regarding efficacy.', 'positive', '["RespiraClear"]', NULL);
INSERT INTO follow_ups (id, created_at, updated_at, doctor_id, interaction_id, due_date, description, priority, status)
VALUES ('a723cac4-c118-4e3d-a363-ab8884f9dc48', '2026-07-12 00:25:08', '2026-07-12 00:25:08', '0329873e-b5bd-4dbc-93b6-c4c9d60bf471', '467985a6-c13d-4996-8047-7832b1eb0285', '2026-07-12', 'Send detailed clinical trial reports for RespiraClear.', 'medium', 'pending');
INSERT INTO ai_recommendations (id, created_at, updated_at, doctor_id, title, description, metadata_data, status)
VALUES ('f7db6873-8d04-465d-90a3-de08a9438642', '2026-07-10 00:25:08', '2026-07-10 00:25:08', '0329873e-b5bd-4dbc-93b6-c4c9d60bf471', 'Focus on Cardiology Applications', 'Based on previous positive engagement, Dr. Williams is a strong candidate for early adoption of our upcoming line of Cardiology therapeutics. Recommend scheduling an in-person lunch meeting to present upcoming Q4 trial results.', '{"confidence": 77, "topics": ["Cardiology", "early adoption"]}', 'active');
INSERT INTO interactions (id, created_at, updated_at, doctor_id, interaction_date, interaction_type, status, raw_notes, ai_summary, sentiment, products_discussed, follow_up_date)
VALUES ('172da2b5-d2b8-4109-b97a-771f2ce3725e', '2026-06-16 00:25:08', '2026-06-16 00:25:08', 'b3c5109e-5b1d-4db7-8e23-69914243aa81', '2026-06-16 00:25:08', 'phone', 'completed', 'Discussed recent clinical trials for DiabetX, VascuFlow. Dr. Anderson seemed neutral about the data.', 'Interaction focused on DiabetX, VascuFlow. Key takeaway: neutral sentiment observed regarding efficacy.', 'neutral', '["DiabetX", "VascuFlow"]', NULL);
INSERT INTO interactions (id, created_at, updated_at, doctor_id, interaction_date, interaction_type, status, raw_notes, ai_summary, sentiment, products_discussed, follow_up_date)
VALUES ('5e63c2b5-e2e9-423b-b93d-5a9beede17b1', '2026-04-14 00:25:08', '2026-04-14 00:25:08', 'b3c5109e-5b1d-4db7-8e23-69914243aa81', '2026-04-14 00:25:08', 'video', 'completed', 'Discussed recent clinical trials for EndoGlow. Dr. Anderson seemed negative about the data.', 'Interaction focused on EndoGlow. Key takeaway: negative sentiment observed regarding efficacy.', 'negative', '["EndoGlow"]', NULL);
INSERT INTO follow_ups (id, created_at, updated_at, doctor_id, interaction_id, due_date, description, priority, status)
VALUES ('fac09d7b-2288-4255-b471-b5ed16c9ae83', '2026-07-21 00:25:08', '2026-07-21 00:25:08', 'b3c5109e-5b1d-4db7-8e23-69914243aa81', '5e63c2b5-e2e9-423b-b93d-5a9beede17b1', '2026-07-21', 'Send detailed clinical trial reports for EndoGlow.', 'medium', 'pending');
INSERT INTO interactions (id, created_at, updated_at, doctor_id, interaction_date, interaction_type, status, raw_notes, ai_summary, sentiment, products_discussed, follow_up_date)
VALUES ('c23791d4-6b4f-4395-973e-e77ec08872d1', '2026-07-01 00:25:08', '2026-07-01 00:25:08', 'b3c5109e-5b1d-4db7-8e23-69914243aa81', '2026-07-01 00:25:08', 'in-person', 'completed', 'Discussed recent clinical trials for VascuFlow. Dr. Anderson seemed positive about the data.', 'Interaction focused on VascuFlow. Key takeaway: positive sentiment observed regarding efficacy.', 'positive', '["VascuFlow"]', NULL);
INSERT INTO follow_ups (id, created_at, updated_at, doctor_id, interaction_id, due_date, description, priority, status)
VALUES ('2215de0a-f32a-4084-a15b-b827f3921a37', '2026-07-12 00:25:08', '2026-07-12 00:25:08', 'b3c5109e-5b1d-4db7-8e23-69914243aa81', 'c23791d4-6b4f-4395-973e-e77ec08872d1', '2026-07-12', 'Send detailed clinical trial reports for VascuFlow.', 'medium', 'pending');
INSERT INTO ai_recommendations (id, created_at, updated_at, doctor_id, title, description, metadata_data, status)
VALUES ('df4fd04a-f7bb-431b-be01-e0663076529f', '2026-07-10 00:25:08', '2026-07-10 00:25:08', 'b3c5109e-5b1d-4db7-8e23-69914243aa81', 'Focus on Neurology Applications', 'Based on previous positive engagement, Dr. Anderson is a strong candidate for early adoption of our upcoming line of Neurology therapeutics. Recommend scheduling an in-person lunch meeting to present upcoming Q4 trial results.', '{"confidence": 76, "topics": ["Neurology", "early adoption"]}', 'active');
INSERT INTO interactions (id, created_at, updated_at, doctor_id, interaction_date, interaction_type, status, raw_notes, ai_summary, sentiment, products_discussed, follow_up_date)
VALUES ('2975fe70-5be1-46cc-b1cb-26bd6d32050d', '2026-06-28 00:25:08', '2026-06-28 00:25:08', 'bcb7674f-0b9f-47ca-af54-8812d89ec35c', '2026-06-28 00:25:08', 'conference', 'completed', 'Discussed recent clinical trials for RespiraClear. Dr. Johnson seemed positive about the data.', 'Interaction focused on RespiraClear. Key takeaway: positive sentiment observed regarding efficacy.', 'positive', '["RespiraClear"]', NULL);
INSERT INTO follow_ups (id, created_at, updated_at, doctor_id, interaction_id, due_date, description, priority, status)
VALUES ('354337a4-c072-4eab-b280-72642d182abd', '2026-07-24 00:25:08', '2026-07-24 00:25:08', 'bcb7674f-0b9f-47ca-af54-8812d89ec35c', '2975fe70-5be1-46cc-b1cb-26bd6d32050d', '2026-07-24', 'Send detailed clinical trial reports for RespiraClear.', 'medium', 'pending');
INSERT INTO interactions (id, created_at, updated_at, doctor_id, interaction_date, interaction_type, status, raw_notes, ai_summary, sentiment, products_discussed, follow_up_date)
VALUES ('24d9194e-b0c3-4705-805d-b6bcee61d2c1', '2026-05-10 00:25:08', '2026-05-10 00:25:08', 'bcb7674f-0b9f-47ca-af54-8812d89ec35c', '2026-05-10 00:25:08', 'in-person', 'completed', 'Discussed recent clinical trials for CardioMax, DiabetX. Dr. Johnson seemed neutral about the data.', 'Interaction focused on CardioMax, DiabetX. Key takeaway: neutral sentiment observed regarding efficacy.', 'neutral', '["CardioMax", "DiabetX"]', NULL);
INSERT INTO interactions (id, created_at, updated_at, doctor_id, interaction_date, interaction_type, status, raw_notes, ai_summary, sentiment, products_discussed, follow_up_date)
VALUES ('c8658add-bd94-437a-b59f-83713538ab75', '2026-06-07 00:25:08', '2026-06-07 00:25:08', 'bcb7674f-0b9f-47ca-af54-8812d89ec35c', '2026-06-07 00:25:08', 'email', 'completed', 'Discussed recent clinical trials for CardioMax, EndoGlow. Dr. Johnson seemed neutral about the data.', 'Interaction focused on CardioMax, EndoGlow. Key takeaway: neutral sentiment observed regarding efficacy.', 'neutral', '["CardioMax", "EndoGlow"]', NULL);
INSERT INTO interactions (id, created_at, updated_at, doctor_id, interaction_date, interaction_type, status, raw_notes, ai_summary, sentiment, products_discussed, follow_up_date)
VALUES ('990c6cc1-301f-4d9d-8e97-c2a00992cb12', '2026-07-07 00:25:08', '2026-07-07 00:25:08', 'bcb7674f-0b9f-47ca-af54-8812d89ec35c', '2026-07-07 00:25:08', 'in-person', 'completed', 'Discussed recent clinical trials for RespiraClear, DiabetX. Dr. Johnson seemed positive about the data.', 'Interaction focused on RespiraClear, DiabetX. Key takeaway: positive sentiment observed regarding efficacy.', 'positive', '["RespiraClear", "DiabetX"]', NULL);
INSERT INTO interactions (id, created_at, updated_at, doctor_id, interaction_date, interaction_type, status, raw_notes, ai_summary, sentiment, products_discussed, follow_up_date)
VALUES ('c8768a53-d6ad-4a3f-a615-a20610712d0e', '2026-05-11 00:25:08', '2026-05-11 00:25:08', 'bcb7674f-0b9f-47ca-af54-8812d89ec35c', '2026-05-11 00:25:08', 'video', 'completed', 'Discussed recent clinical trials for EndoGlow, Immuner. Dr. Johnson seemed positive about the data.', 'Interaction focused on EndoGlow, Immuner. Key takeaway: positive sentiment observed regarding efficacy.', 'positive', '["EndoGlow", "Immuner"]', NULL);
INSERT INTO follow_ups (id, created_at, updated_at, doctor_id, interaction_id, due_date, description, priority, status)
VALUES ('1d98baad-d427-4fdd-bb44-fa67a45fc8f7', '2026-07-22 00:25:08', '2026-07-22 00:25:08', 'bcb7674f-0b9f-47ca-af54-8812d89ec35c', 'c8768a53-d6ad-4a3f-a615-a20610712d0e', '2026-07-22', 'Send detailed clinical trial reports for EndoGlow.', 'high', 'pending');
INSERT INTO ai_recommendations (id, created_at, updated_at, doctor_id, title, description, metadata_data, status)
VALUES ('3ae27352-39c1-416e-a17d-86de3de24c6b', '2026-07-10 00:25:08', '2026-07-10 00:25:08', 'bcb7674f-0b9f-47ca-af54-8812d89ec35c', 'Focus on Cardiology Applications', 'Based on previous positive engagement, Dr. Johnson is a strong candidate for early adoption of our upcoming line of Cardiology therapeutics. Recommend scheduling an in-person lunch meeting to present upcoming Q4 trial results.', '{"confidence": 75, "topics": ["Cardiology", "early adoption"]}', 'active');
INSERT INTO interactions (id, created_at, updated_at, doctor_id, interaction_date, interaction_type, status, raw_notes, ai_summary, sentiment, products_discussed, follow_up_date)
VALUES ('07fdba8c-e0ed-43e2-9dcb-bed9c9820fff', '2026-05-21 00:25:08', '2026-05-21 00:25:08', '675071c5-ba76-41f5-8036-2fccd16697ed', '2026-05-21 00:25:08', 'conference', 'completed', 'Discussed recent clinical trials for EndoGlow. Dr. Garcia seemed positive about the data.', 'Interaction focused on EndoGlow. Key takeaway: positive sentiment observed regarding efficacy.', 'positive', '["EndoGlow"]', NULL);
INSERT INTO follow_ups (id, created_at, updated_at, doctor_id, interaction_id, due_date, description, priority, status)
VALUES ('db126175-fcd9-4151-b7d3-04302233a06b', '2026-07-21 00:25:08', '2026-07-21 00:25:08', '675071c5-ba76-41f5-8036-2fccd16697ed', '07fdba8c-e0ed-43e2-9dcb-bed9c9820fff', '2026-07-21', 'Send detailed clinical trial reports for EndoGlow.', 'high', 'pending');
INSERT INTO interactions (id, created_at, updated_at, doctor_id, interaction_date, interaction_type, status, raw_notes, ai_summary, sentiment, products_discussed, follow_up_date)
VALUES ('70024f1d-1ff2-4485-80f1-f1e83572e249', '2026-04-21 00:25:08', '2026-04-21 00:25:08', '675071c5-ba76-41f5-8036-2fccd16697ed', '2026-04-21 00:25:08', 'video', 'completed', 'Discussed recent clinical trials for RespiraClear, CardioMax. Dr. Garcia seemed positive about the data.', 'Interaction focused on RespiraClear, CardioMax. Key takeaway: positive sentiment observed regarding efficacy.', 'positive', '["RespiraClear", "CardioMax"]', NULL);
INSERT INTO follow_ups (id, created_at, updated_at, doctor_id, interaction_id, due_date, description, priority, status)
VALUES ('00733fe0-7625-4ff2-81d0-78bad1ddfd64', '2026-07-18 00:25:08', '2026-07-18 00:25:08', '675071c5-ba76-41f5-8036-2fccd16697ed', '70024f1d-1ff2-4485-80f1-f1e83572e249', '2026-07-18', 'Send detailed clinical trial reports for RespiraClear.', 'medium', 'pending');
INSERT INTO ai_recommendations (id, created_at, updated_at, doctor_id, title, description, metadata_data, status)
VALUES ('bb8aa1d5-03da-4ae7-a5a6-5df92bec1da4', '2026-07-10 00:25:08', '2026-07-10 00:25:08', '675071c5-ba76-41f5-8036-2fccd16697ed', 'Focus on Neurology Applications', 'Based on previous positive engagement, Dr. Garcia is a strong candidate for early adoption of our upcoming line of Neurology therapeutics. Recommend scheduling an in-person lunch meeting to present upcoming Q4 trial results.', '{"confidence": 91, "topics": ["Neurology", "early adoption"]}', 'active');
INSERT INTO interactions (id, created_at, updated_at, doctor_id, interaction_date, interaction_type, status, raw_notes, ai_summary, sentiment, products_discussed, follow_up_date)
VALUES ('5fefbdf1-837b-492f-a53e-a30cdbd6e939', '2026-06-24 00:25:08', '2026-06-24 00:25:08', '41b9d6c1-b7d9-4b21-bb67-cd2b33c5776d', '2026-06-24 00:25:08', 'conference', 'completed', 'Discussed recent clinical trials for Immuner. Dr. Anderson seemed positive about the data.', 'Interaction focused on Immuner. Key takeaway: positive sentiment observed regarding efficacy.', 'positive', '["Immuner"]', NULL);
INSERT INTO follow_ups (id, created_at, updated_at, doctor_id, interaction_id, due_date, description, priority, status)
VALUES ('4b1ab1e0-9c11-4ec9-aa21-a39cfbced301', '2026-07-21 00:25:08', '2026-07-21 00:25:08', '41b9d6c1-b7d9-4b21-bb67-cd2b33c5776d', '5fefbdf1-837b-492f-a53e-a30cdbd6e939', '2026-07-21', 'Send detailed clinical trial reports for Immuner.', 'medium', 'pending');
INSERT INTO interactions (id, created_at, updated_at, doctor_id, interaction_date, interaction_type, status, raw_notes, ai_summary, sentiment, products_discussed, follow_up_date)
VALUES ('c614bf00-9f36-4c39-aa97-54414e123f1f', '2026-05-21 00:25:08', '2026-05-21 00:25:08', '41b9d6c1-b7d9-4b21-bb67-cd2b33c5776d', '2026-05-21 00:25:08', 'phone', 'completed', 'Discussed recent clinical trials for NeuroShield. Dr. Anderson seemed positive about the data.', 'Interaction focused on NeuroShield. Key takeaway: positive sentiment observed regarding efficacy.', 'positive', '["NeuroShield"]', NULL);
INSERT INTO follow_ups (id, created_at, updated_at, doctor_id, interaction_id, due_date, description, priority, status)
VALUES ('9810b2b5-eb10-4e68-b332-c1b7e7b76c6e', '2026-07-20 00:25:08', '2026-07-20 00:25:08', '41b9d6c1-b7d9-4b21-bb67-cd2b33c5776d', 'c614bf00-9f36-4c39-aa97-54414e123f1f', '2026-07-20', 'Send detailed clinical trial reports for NeuroShield.', 'medium', 'pending');
INSERT INTO ai_recommendations (id, created_at, updated_at, doctor_id, title, description, metadata_data, status)
VALUES ('d9fced60-3271-4efc-a062-bcce2f2e4b69', '2026-07-10 00:25:08', '2026-07-10 00:25:08', '41b9d6c1-b7d9-4b21-bb67-cd2b33c5776d', 'Focus on Oncology Applications', 'Based on previous positive engagement, Dr. Anderson is a strong candidate for early adoption of our upcoming line of Oncology therapeutics. Recommend scheduling an in-person lunch meeting to present upcoming Q4 trial results.', '{"confidence": 86, "topics": ["Oncology", "early adoption"]}', 'active');
INSERT INTO interactions (id, created_at, updated_at, doctor_id, interaction_date, interaction_type, status, raw_notes, ai_summary, sentiment, products_discussed, follow_up_date)
VALUES ('91ea7991-76bf-45bb-8d25-71fd94f13649', '2026-06-08 00:25:08', '2026-06-08 00:25:08', '923b42fa-e4d4-4dd4-ac99-1e366d89db4c', '2026-06-08 00:25:08', 'video', 'completed', 'Discussed recent clinical trials for DiabetX, EndoGlow. Dr. Hernandez seemed neutral about the data.', 'Interaction focused on DiabetX, EndoGlow. Key takeaway: neutral sentiment observed regarding efficacy.', 'neutral', '["DiabetX", "EndoGlow"]', NULL);
INSERT INTO follow_ups (id, created_at, updated_at, doctor_id, interaction_id, due_date, description, priority, status)
VALUES ('539c5a4c-1e46-4412-ab0f-d1dd85eaee4d', '2026-07-13 00:25:08', '2026-07-13 00:25:08', '923b42fa-e4d4-4dd4-ac99-1e366d89db4c', '91ea7991-76bf-45bb-8d25-71fd94f13649', '2026-07-13', 'Send detailed clinical trial reports for DiabetX.', 'high', 'pending');
INSERT INTO interactions (id, created_at, updated_at, doctor_id, interaction_date, interaction_type, status, raw_notes, ai_summary, sentiment, products_discussed, follow_up_date)
VALUES ('9417ca05-dfcb-4508-ad3f-31f3a2334550', '2026-06-02 00:25:08', '2026-06-02 00:25:08', '923b42fa-e4d4-4dd4-ac99-1e366d89db4c', '2026-06-02 00:25:08', 'conference', 'completed', 'Discussed recent clinical trials for Immuner. Dr. Hernandez seemed positive about the data.', 'Interaction focused on Immuner. Key takeaway: positive sentiment observed regarding efficacy.', 'positive', '["Immuner"]', NULL);
INSERT INTO follow_ups (id, created_at, updated_at, doctor_id, interaction_id, due_date, description, priority, status)
VALUES ('38a91336-c029-433c-9080-0e8358b63ed7', '2026-07-18 00:25:08', '2026-07-18 00:25:08', '923b42fa-e4d4-4dd4-ac99-1e366d89db4c', '9417ca05-dfcb-4508-ad3f-31f3a2334550', '2026-07-18', 'Send detailed clinical trial reports for Immuner.', 'high', 'pending');
INSERT INTO interactions (id, created_at, updated_at, doctor_id, interaction_date, interaction_type, status, raw_notes, ai_summary, sentiment, products_discussed, follow_up_date)
VALUES ('caf18b34-2cee-470d-8197-54ae96f139a4', '2026-05-08 00:25:08', '2026-05-08 00:25:08', '923b42fa-e4d4-4dd4-ac99-1e366d89db4c', '2026-05-08 00:25:08', 'phone', 'completed', 'Discussed recent clinical trials for VascuFlow. Dr. Hernandez seemed negative about the data.', 'Interaction focused on VascuFlow. Key takeaway: negative sentiment observed regarding efficacy.', 'negative', '["VascuFlow"]', NULL);
INSERT INTO follow_ups (id, created_at, updated_at, doctor_id, interaction_id, due_date, description, priority, status)
VALUES ('c92cb7d8-df0b-447c-9552-27084849a6b5', '2026-07-21 00:25:08', '2026-07-21 00:25:08', '923b42fa-e4d4-4dd4-ac99-1e366d89db4c', 'caf18b34-2cee-470d-8197-54ae96f139a4', '2026-07-21', 'Send detailed clinical trial reports for VascuFlow.', 'high', 'pending');
INSERT INTO ai_recommendations (id, created_at, updated_at, doctor_id, title, description, metadata_data, status)
VALUES ('069c2135-4563-400b-a522-366aa4c68894', '2026-07-10 00:25:08', '2026-07-10 00:25:08', '923b42fa-e4d4-4dd4-ac99-1e366d89db4c', 'Focus on Oncology Applications', 'Based on previous positive engagement, Dr. Hernandez is a strong candidate for early adoption of our upcoming line of Oncology therapeutics. Recommend scheduling an in-person lunch meeting to present upcoming Q4 trial results.', '{"confidence": 95, "topics": ["Oncology", "early adoption"]}', 'active');
INSERT INTO interactions (id, created_at, updated_at, doctor_id, interaction_date, interaction_type, status, raw_notes, ai_summary, sentiment, products_discussed, follow_up_date)
VALUES ('7d83cd41-1aca-40f7-b989-e71d55c7f60d', '2026-06-23 00:25:08', '2026-06-23 00:25:08', 'ebee3d17-63c0-4c9d-ba19-261c692638d9', '2026-06-23 00:25:08', 'phone', 'completed', 'Discussed recent clinical trials for VascuFlow, NeuroShield. Dr. Taylor seemed negative about the data.', 'Interaction focused on VascuFlow, NeuroShield. Key takeaway: negative sentiment observed regarding efficacy.', 'negative', '["VascuFlow", "NeuroShield"]', NULL);
INSERT INTO follow_ups (id, created_at, updated_at, doctor_id, interaction_id, due_date, description, priority, status)
VALUES ('3859fbbf-8373-4f0a-a445-f647f00200d5', '2026-07-14 00:25:08', '2026-07-14 00:25:08', 'ebee3d17-63c0-4c9d-ba19-261c692638d9', '7d83cd41-1aca-40f7-b989-e71d55c7f60d', '2026-07-14', 'Send detailed clinical trial reports for VascuFlow.', 'high', 'pending');
INSERT INTO interactions (id, created_at, updated_at, doctor_id, interaction_date, interaction_type, status, raw_notes, ai_summary, sentiment, products_discussed, follow_up_date)
VALUES ('156632fe-2c82-4b71-afdf-749cc277fa0a', '2026-04-18 00:25:08', '2026-04-18 00:25:08', 'ebee3d17-63c0-4c9d-ba19-261c692638d9', '2026-04-18 00:25:08', 'phone', 'completed', 'Discussed recent clinical trials for CardioMax, Immuner. Dr. Taylor seemed positive about the data.', 'Interaction focused on CardioMax, Immuner. Key takeaway: positive sentiment observed regarding efficacy.', 'positive', '["CardioMax", "Immuner"]', NULL);
INSERT INTO interactions (id, created_at, updated_at, doctor_id, interaction_date, interaction_type, status, raw_notes, ai_summary, sentiment, products_discussed, follow_up_date)
VALUES ('78032e85-a7d1-4828-8f1c-d009f3782223', '2026-06-26 00:25:08', '2026-06-26 00:25:08', 'ebee3d17-63c0-4c9d-ba19-261c692638d9', '2026-06-26 00:25:08', 'video', 'completed', 'Discussed recent clinical trials for Immuner. Dr. Taylor seemed neutral about the data.', 'Interaction focused on Immuner. Key takeaway: neutral sentiment observed regarding efficacy.', 'neutral', '["Immuner"]', NULL);
INSERT INTO follow_ups (id, created_at, updated_at, doctor_id, interaction_id, due_date, description, priority, status)
VALUES ('4d15d08d-5776-4d54-a1d9-21a712dccbb2', '2026-07-17 00:25:08', '2026-07-17 00:25:08', 'ebee3d17-63c0-4c9d-ba19-261c692638d9', '78032e85-a7d1-4828-8f1c-d009f3782223', '2026-07-17', 'Send detailed clinical trial reports for Immuner.', 'high', 'pending');
INSERT INTO interactions (id, created_at, updated_at, doctor_id, interaction_date, interaction_type, status, raw_notes, ai_summary, sentiment, products_discussed, follow_up_date)
VALUES ('2eff4653-3fae-4c14-a814-ca594389201c', '2026-05-08 00:25:08', '2026-05-08 00:25:08', 'ebee3d17-63c0-4c9d-ba19-261c692638d9', '2026-05-08 00:25:08', 'conference', 'completed', 'Discussed recent clinical trials for DiabetX. Dr. Taylor seemed positive about the data.', 'Interaction focused on DiabetX. Key takeaway: positive sentiment observed regarding efficacy.', 'positive', '["DiabetX"]', NULL);
INSERT INTO interactions (id, created_at, updated_at, doctor_id, interaction_date, interaction_type, status, raw_notes, ai_summary, sentiment, products_discussed, follow_up_date)
VALUES ('c3c2bd4b-c48d-4513-8b59-1b6e19a086cd', '2026-05-28 00:25:08', '2026-05-28 00:25:08', 'ebee3d17-63c0-4c9d-ba19-261c692638d9', '2026-05-28 00:25:08', 'in-person', 'completed', 'Discussed recent clinical trials for DiabetX. Dr. Taylor seemed positive about the data.', 'Interaction focused on DiabetX. Key takeaway: positive sentiment observed regarding efficacy.', 'positive', '["DiabetX"]', NULL);
INSERT INTO follow_ups (id, created_at, updated_at, doctor_id, interaction_id, due_date, description, priority, status)
VALUES ('7f0a98ba-61e6-497a-a3ce-83ad7f7bf5af', '2026-07-11 00:25:08', '2026-07-11 00:25:08', 'ebee3d17-63c0-4c9d-ba19-261c692638d9', 'c3c2bd4b-c48d-4513-8b59-1b6e19a086cd', '2026-07-11', 'Send detailed clinical trial reports for DiabetX.', 'medium', 'pending');
INSERT INTO ai_recommendations (id, created_at, updated_at, doctor_id, title, description, metadata_data, status)
VALUES ('7b6a6fad-b884-4a64-a17d-cec66d50eb1e', '2026-07-10 00:25:08', '2026-07-10 00:25:08', 'ebee3d17-63c0-4c9d-ba19-261c692638d9', 'Focus on Neurology Applications', 'Based on previous positive engagement, Dr. Taylor is a strong candidate for early adoption of our upcoming line of Neurology therapeutics. Recommend scheduling an in-person lunch meeting to present upcoming Q4 trial results.', '{"confidence": 84, "topics": ["Neurology", "early adoption"]}', 'active');
