-- MedConnect AI Seed Data SQL Script
-- Run this against your database to populate demo data.

INSERT INTO users (id, created_at, updated_at, email, hashed_password, full_name, role, is_active)
VALUES ('78d1cbed5f6d40f095be2c4c45f944a8', '2026-07-09 00:38:15', '2026-07-09 00:38:15', 'demo@medconnect.com', 'mock', 'Demo User', 'field_rep', true);

INSERT INTO doctors (id, created_at, updated_at, name, specialty, hospital, city, email, phone)
VALUES ('91be22e9fdcb4c908d404560c7334bc0', '2026-07-09 00:38:15', '2026-07-09 00:38:15', 'Dr. Susan Martin', 'Cardiology', 'Memorial Clinic', 'Dallas', 'susan.martin@example.com', '555-756-4278');
INSERT INTO doctors (id, created_at, updated_at, name, specialty, hospital, city, email, phone)
VALUES ('1e28a1cf6848409db8d6adbed1ff1fa8', '2026-07-09 00:38:15', '2026-07-09 00:38:15', 'Dr. Linda Anderson', 'Internal Medicine', 'Mount Sinai', 'Los Angeles', 'linda.anderson@example.com', '555-504-8486');
INSERT INTO doctors (id, created_at, updated_at, name, specialty, hospital, city, email, phone)
VALUES ('e2a5852895ca4e918f707a3ce4c659bb', '2026-07-09 00:38:15', '2026-07-09 00:38:15', 'Dr. Patricia Garcia', 'Cardiology', 'Memorial Clinic', 'Houston', 'patricia.garcia@example.com', '555-516-5780');
INSERT INTO doctors (id, created_at, updated_at, name, specialty, hospital, city, email, phone)
VALUES ('e879f79e8efd41f19d4a829b2c8b8ac8', '2026-07-09 00:38:15', '2026-07-09 00:38:15', 'Dr. Patricia Davis', 'Cardiology', 'Presbyterian Hospital', 'San Antonio', 'patricia.davis@example.com', '555-448-3634');
INSERT INTO doctors (id, created_at, updated_at, name, specialty, hospital, city, email, phone)
VALUES ('bff253c7ff514bcf97fead622777e127', '2026-07-09 00:38:15', '2026-07-09 00:38:15', 'Dr. David Gonzalez', 'Neurology', 'City Medical Center', 'San Diego', 'david.gonzalez@example.com', '555-277-8110');
INSERT INTO doctors (id, created_at, updated_at, name, specialty, hospital, city, email, phone)
VALUES ('d09a730ba7004fa795bdddc1a45c98b6', '2026-07-09 00:38:15', '2026-07-09 00:38:15', 'Dr. James Jones', 'Neurology', 'University Hospital', 'Phoenix', 'james.jones@example.com', '555-803-4840');
INSERT INTO doctors (id, created_at, updated_at, name, specialty, hospital, city, email, phone)
VALUES ('8d43f9adf07144fe8bec78c50f705ef0', '2026-07-09 00:38:15', '2026-07-09 00:38:15', 'Dr. Charles Rodriguez', 'Endocrinology', 'St. Jude''s', 'Chicago', 'charles.rodriguez@example.com', '555-884-9536');
INSERT INTO doctors (id, created_at, updated_at, name, specialty, hospital, city, email, phone)
VALUES ('4f56abd5d9c54b6788e4860fa3a1177b', '2026-07-09 00:38:15', '2026-07-09 00:38:15', 'Dr. Elizabeth Martinez', 'Endocrinology', 'General Hospital', 'San Jose', 'elizabeth.martinez@example.com', '555-726-1557');
INSERT INTO doctors (id, created_at, updated_at, name, specialty, hospital, city, email, phone)
VALUES ('52f1a77489644881a2616b06c910fee6', '2026-07-09 00:38:15', '2026-07-09 00:38:15', 'Dr. Richard Garcia', 'Oncology', 'Memorial Clinic', 'Phoenix', 'richard.garcia@example.com', '555-139-3782');
INSERT INTO doctors (id, created_at, updated_at, name, specialty, hospital, city, email, phone)
VALUES ('57a9213f80464cfea22179618011d4df', '2026-07-09 00:38:15', '2026-07-09 00:38:15', 'Dr. Jennifer Davis', 'Neurology', 'City Medical Center', 'Houston', 'jennifer.davis@example.com', '555-408-8645');

INSERT INTO interactions (id, created_at, updated_at, doctor_id, interaction_date, interaction_type, status, raw_notes, ai_summary, sentiment, products_discussed, follow_up_date)
VALUES ('69c55a41c5624584a5a8f2c5e6d0dfc1', '2026-05-26 00:38:15', '2026-05-26 00:38:15', '91be22e9fdcb4c908d404560c7334bc0', '2026-05-26', 'phone', 'completed', 'Discussed recent clinical trials for RespiraClear. Dr. Martin seemed positive about the data.', 'Interaction focused on RespiraClear. Key takeaway: positive sentiment observed regarding efficacy.', 'positive', '["RespiraClear"]', NULL);
INSERT INTO interactions (id, created_at, updated_at, doctor_id, interaction_date, interaction_type, status, raw_notes, ai_summary, sentiment, products_discussed, follow_up_date)
VALUES ('92221badd20148dfacac5a2937cc3f6e', '2026-06-21 00:38:15', '2026-06-21 00:38:15', '91be22e9fdcb4c908d404560c7334bc0', '2026-06-21', 'email', 'completed', 'Discussed recent clinical trials for NeuroShield. Dr. Martin seemed positive about the data.', 'Interaction focused on NeuroShield. Key takeaway: positive sentiment observed regarding efficacy.', 'positive', '["NeuroShield"]', NULL);
INSERT INTO interactions (id, created_at, updated_at, doctor_id, interaction_date, interaction_type, status, raw_notes, ai_summary, sentiment, products_discussed, follow_up_date)
VALUES ('407dfaebbaef43daaceb8d090b75827b', '2026-04-17 00:38:15', '2026-04-17 00:38:15', '91be22e9fdcb4c908d404560c7334bc0', '2026-04-17', 'email', 'completed', 'Discussed recent clinical trials for NeuroShield, VascuFlow. Dr. Martin seemed neutral about the data.', 'Interaction focused on NeuroShield, VascuFlow. Key takeaway: neutral sentiment observed regarding efficacy.', 'neutral', '["NeuroShield", "VascuFlow"]', NULL);
INSERT INTO follow_ups (id, created_at, updated_at, doctor_id, interaction_id, due_date, description, priority, status)
VALUES ('56dd660c6b07479f94aec8a02b4994b3', '2026-07-10 00:38:15', '2026-07-10 00:38:15', '91be22e9fdcb4c908d404560c7334bc0', '407dfaebbaef43daaceb8d090b75827b', '2026-07-10', 'Send detailed clinical trial reports for NeuroShield.', 'high', 'pending');
INSERT INTO ai_recommendations (id, created_at, updated_at, doctor_id, title, description, metadata_data, status)
VALUES ('68f04bdedacc469ca31b12638294ed77', '2026-07-09 00:38:15', '2026-07-09 00:38:15', '91be22e9fdcb4c908d404560c7334bc0', 'Focus on Cardiology Applications', 'Based on previous positive engagement, Dr. Martin is a strong candidate for early adoption of our upcoming line of Cardiology therapeutics. Recommend scheduling an in-person lunch meeting to present upcoming Q4 trial results.', '{"confidence": 90, "topics": ["Cardiology", "early adoption"]}', 'active');
INSERT INTO interactions (id, created_at, updated_at, doctor_id, interaction_date, interaction_type, status, raw_notes, ai_summary, sentiment, products_discussed, follow_up_date)
VALUES ('2fa961d893bf4b3380d5bb25b701c568', '2026-06-19 00:38:15', '2026-06-19 00:38:15', '1e28a1cf6848409db8d6adbed1ff1fa8', '2026-06-19', 'video', 'completed', 'Discussed recent clinical trials for CardioMax. Dr. Anderson seemed positive about the data.', 'Interaction focused on CardioMax. Key takeaway: positive sentiment observed regarding efficacy.', 'positive', '["CardioMax"]', NULL);
INSERT INTO follow_ups (id, created_at, updated_at, doctor_id, interaction_id, due_date, description, priority, status)
VALUES ('9605b9fe63cf4211a6e866d9130a4d0e', '2026-07-16 00:38:15', '2026-07-16 00:38:15', '1e28a1cf6848409db8d6adbed1ff1fa8', '2fa961d893bf4b3380d5bb25b701c568', '2026-07-16', 'Send detailed clinical trial reports for CardioMax.', 'high', 'pending');
INSERT INTO interactions (id, created_at, updated_at, doctor_id, interaction_date, interaction_type, status, raw_notes, ai_summary, sentiment, products_discussed, follow_up_date)
VALUES ('440c5a1fac474227bc1cab40b20856de', '2026-05-12 00:38:15', '2026-05-12 00:38:15', '1e28a1cf6848409db8d6adbed1ff1fa8', '2026-05-12', 'email', 'completed', 'Discussed recent clinical trials for OncoCare. Dr. Anderson seemed positive about the data.', 'Interaction focused on OncoCare. Key takeaway: positive sentiment observed regarding efficacy.', 'positive', '["OncoCare"]', NULL);
INSERT INTO interactions (id, created_at, updated_at, doctor_id, interaction_date, interaction_type, status, raw_notes, ai_summary, sentiment, products_discussed, follow_up_date)
VALUES ('8eeafb19ef6b4a078d0096acc6bb24fd', '2026-05-05 00:38:15', '2026-05-05 00:38:15', '1e28a1cf6848409db8d6adbed1ff1fa8', '2026-05-05', 'in-person', 'completed', 'Discussed recent clinical trials for Immuner, NeuroShield. Dr. Anderson seemed neutral about the data.', 'Interaction focused on Immuner, NeuroShield. Key takeaway: neutral sentiment observed regarding efficacy.', 'neutral', '["Immuner", "NeuroShield"]', NULL);
INSERT INTO follow_ups (id, created_at, updated_at, doctor_id, interaction_id, due_date, description, priority, status)
VALUES ('ede2d7d064134917ba9674e2d367bb1d', '2026-07-17 00:38:15', '2026-07-17 00:38:15', '1e28a1cf6848409db8d6adbed1ff1fa8', '8eeafb19ef6b4a078d0096acc6bb24fd', '2026-07-17', 'Send detailed clinical trial reports for Immuner.', 'medium', 'pending');
INSERT INTO interactions (id, created_at, updated_at, doctor_id, interaction_date, interaction_type, status, raw_notes, ai_summary, sentiment, products_discussed, follow_up_date)
VALUES ('36e81ea730f147018c33fa87c8d262a3', '2026-05-06 00:38:15', '2026-05-06 00:38:15', '1e28a1cf6848409db8d6adbed1ff1fa8', '2026-05-06', 'video', 'completed', 'Discussed recent clinical trials for NeuroShield, VascuFlow. Dr. Anderson seemed positive about the data.', 'Interaction focused on NeuroShield, VascuFlow. Key takeaway: positive sentiment observed regarding efficacy.', 'positive', '["NeuroShield", "VascuFlow"]', NULL);
INSERT INTO follow_ups (id, created_at, updated_at, doctor_id, interaction_id, due_date, description, priority, status)
VALUES ('9ae20a430ac746cd856beb1db6ad281f', '2026-07-19 00:38:15', '2026-07-19 00:38:15', '1e28a1cf6848409db8d6adbed1ff1fa8', '36e81ea730f147018c33fa87c8d262a3', '2026-07-19', 'Send detailed clinical trial reports for NeuroShield.', 'medium', 'pending');
INSERT INTO ai_recommendations (id, created_at, updated_at, doctor_id, title, description, metadata_data, status)
VALUES ('485388d4e88b45caad23aba923d0de57', '2026-07-09 00:38:15', '2026-07-09 00:38:15', '1e28a1cf6848409db8d6adbed1ff1fa8', 'Focus on Internal Medicine Applications', 'Based on previous positive engagement, Dr. Anderson is a strong candidate for early adoption of our upcoming line of Internal Medicine therapeutics. Recommend scheduling an in-person lunch meeting to present upcoming Q4 trial results.', '{"confidence": 95, "topics": ["Internal Medicine", "early adoption"]}', 'active');
INSERT INTO interactions (id, created_at, updated_at, doctor_id, interaction_date, interaction_type, status, raw_notes, ai_summary, sentiment, products_discussed, follow_up_date)
VALUES ('30f3e5cacc04455191f76051dc3c65a3', '2026-05-12 00:38:15', '2026-05-12 00:38:15', 'e2a5852895ca4e918f707a3ce4c659bb', '2026-05-12', 'in-person', 'completed', 'Discussed recent clinical trials for Immuner, RespiraClear. Dr. Garcia seemed positive about the data.', 'Interaction focused on Immuner, RespiraClear. Key takeaway: positive sentiment observed regarding efficacy.', 'positive', '["Immuner", "RespiraClear"]', NULL);
INSERT INTO interactions (id, created_at, updated_at, doctor_id, interaction_date, interaction_type, status, raw_notes, ai_summary, sentiment, products_discussed, follow_up_date)
VALUES ('540054373ef74da2b1bf9b358c9b5867', '2026-06-10 00:38:15', '2026-06-10 00:38:15', 'e2a5852895ca4e918f707a3ce4c659bb', '2026-06-10', 'in-person', 'completed', 'Discussed recent clinical trials for EndoGlow, OncoCare. Dr. Garcia seemed negative about the data.', 'Interaction focused on EndoGlow, OncoCare. Key takeaway: negative sentiment observed regarding efficacy.', 'negative', '["EndoGlow", "OncoCare"]', NULL);
INSERT INTO interactions (id, created_at, updated_at, doctor_id, interaction_date, interaction_type, status, raw_notes, ai_summary, sentiment, products_discussed, follow_up_date)
VALUES ('261ea968d1244e1aad547f45700e7c1e', '2026-07-01 00:38:15', '2026-07-01 00:38:15', 'e2a5852895ca4e918f707a3ce4c659bb', '2026-07-01', 'video', 'completed', 'Discussed recent clinical trials for EndoGlow. Dr. Garcia seemed positive about the data.', 'Interaction focused on EndoGlow. Key takeaway: positive sentiment observed regarding efficacy.', 'positive', '["EndoGlow"]', NULL);
INSERT INTO follow_ups (id, created_at, updated_at, doctor_id, interaction_id, due_date, description, priority, status)
VALUES ('9ba924226ce7465abe232333a556d084', '2026-07-20 00:38:15', '2026-07-20 00:38:15', 'e2a5852895ca4e918f707a3ce4c659bb', '261ea968d1244e1aad547f45700e7c1e', '2026-07-20', 'Send detailed clinical trial reports for EndoGlow.', 'high', 'pending');
INSERT INTO ai_recommendations (id, created_at, updated_at, doctor_id, title, description, metadata_data, status)
VALUES ('5506b7228e674068a42c424cfbf4030a', '2026-07-09 00:38:15', '2026-07-09 00:38:15', 'e2a5852895ca4e918f707a3ce4c659bb', 'Focus on Cardiology Applications', 'Based on previous positive engagement, Dr. Garcia is a strong candidate for early adoption of our upcoming line of Cardiology therapeutics. Recommend scheduling an in-person lunch meeting to present upcoming Q4 trial results.', '{"confidence": 80, "topics": ["Cardiology", "early adoption"]}', 'active');
INSERT INTO interactions (id, created_at, updated_at, doctor_id, interaction_date, interaction_type, status, raw_notes, ai_summary, sentiment, products_discussed, follow_up_date)
VALUES ('9986440d969945f09aadabf88e827551', '2026-05-10 00:38:15', '2026-05-10 00:38:15', 'e879f79e8efd41f19d4a829b2c8b8ac8', '2026-05-10', 'video', 'completed', 'Discussed recent clinical trials for RespiraClear. Dr. Davis seemed positive about the data.', 'Interaction focused on RespiraClear. Key takeaway: positive sentiment observed regarding efficacy.', 'positive', '["RespiraClear"]', NULL);
INSERT INTO interactions (id, created_at, updated_at, doctor_id, interaction_date, interaction_type, status, raw_notes, ai_summary, sentiment, products_discussed, follow_up_date)
VALUES ('24e7e3c668664eb6aaa4e594a3eef168', '2026-05-11 00:38:15', '2026-05-11 00:38:15', 'e879f79e8efd41f19d4a829b2c8b8ac8', '2026-05-11', 'phone', 'completed', 'Discussed recent clinical trials for RespiraClear, CardioMax. Dr. Davis seemed positive about the data.', 'Interaction focused on RespiraClear, CardioMax. Key takeaway: positive sentiment observed regarding efficacy.', 'positive', '["RespiraClear", "CardioMax"]', NULL);
INSERT INTO follow_ups (id, created_at, updated_at, doctor_id, interaction_id, due_date, description, priority, status)
VALUES ('5c9c0feb648a43e7a30c41341f57f956', '2026-07-21 00:38:15', '2026-07-21 00:38:15', 'e879f79e8efd41f19d4a829b2c8b8ac8', '24e7e3c668664eb6aaa4e594a3eef168', '2026-07-21', 'Send detailed clinical trial reports for RespiraClear.', 'medium', 'pending');
INSERT INTO ai_recommendations (id, created_at, updated_at, doctor_id, title, description, metadata_data, status)
VALUES ('1b0e0af3163841f9b5a8365270d51cba', '2026-07-09 00:38:15', '2026-07-09 00:38:15', 'e879f79e8efd41f19d4a829b2c8b8ac8', 'Focus on Cardiology Applications', 'Based on previous positive engagement, Dr. Davis is a strong candidate for early adoption of our upcoming line of Cardiology therapeutics. Recommend scheduling an in-person lunch meeting to present upcoming Q4 trial results.', '{"confidence": 84, "topics": ["Cardiology", "early adoption"]}', 'active');
INSERT INTO interactions (id, created_at, updated_at, doctor_id, interaction_date, interaction_type, status, raw_notes, ai_summary, sentiment, products_discussed, follow_up_date)
VALUES ('531b5dce508c472485bf5278c924e5fa', '2026-05-08 00:38:15', '2026-05-08 00:38:15', 'bff253c7ff514bcf97fead622777e127', '2026-05-08', 'email', 'completed', 'Discussed recent clinical trials for VascuFlow, RespiraClear. Dr. Gonzalez seemed positive about the data.', 'Interaction focused on VascuFlow, RespiraClear. Key takeaway: positive sentiment observed regarding efficacy.', 'positive', '["VascuFlow", "RespiraClear"]', NULL);
INSERT INTO interactions (id, created_at, updated_at, doctor_id, interaction_date, interaction_type, status, raw_notes, ai_summary, sentiment, products_discussed, follow_up_date)
VALUES ('00d2dee4d37640eca0d8900ef18766f1', '2026-06-17 00:38:15', '2026-06-17 00:38:15', 'bff253c7ff514bcf97fead622777e127', '2026-06-17', 'phone', 'completed', 'Discussed recent clinical trials for NeuroShield, EndoGlow. Dr. Gonzalez seemed positive about the data.', 'Interaction focused on NeuroShield, EndoGlow. Key takeaway: positive sentiment observed regarding efficacy.', 'positive', '["NeuroShield", "EndoGlow"]', NULL);
INSERT INTO follow_ups (id, created_at, updated_at, doctor_id, interaction_id, due_date, description, priority, status)
VALUES ('ca6a9a3ae86c4504865df2a4deabda6f', '2026-07-23 00:38:15', '2026-07-23 00:38:15', 'bff253c7ff514bcf97fead622777e127', '00d2dee4d37640eca0d8900ef18766f1', '2026-07-23', 'Send detailed clinical trial reports for NeuroShield.', 'high', 'pending');
INSERT INTO ai_recommendations (id, created_at, updated_at, doctor_id, title, description, metadata_data, status)
VALUES ('db662de145a04690b237a03835cc77ff', '2026-07-09 00:38:15', '2026-07-09 00:38:15', 'bff253c7ff514bcf97fead622777e127', 'Focus on Neurology Applications', 'Based on previous positive engagement, Dr. Gonzalez is a strong candidate for early adoption of our upcoming line of Neurology therapeutics. Recommend scheduling an in-person lunch meeting to present upcoming Q4 trial results.', '{"confidence": 75, "topics": ["Neurology", "early adoption"]}', 'active');
INSERT INTO interactions (id, created_at, updated_at, doctor_id, interaction_date, interaction_type, status, raw_notes, ai_summary, sentiment, products_discussed, follow_up_date)
VALUES ('f50ed1ff808742f7a27720464f74060c', '2026-05-11 00:38:15', '2026-05-11 00:38:15', 'd09a730ba7004fa795bdddc1a45c98b6', '2026-05-11', 'conference', 'completed', 'Discussed recent clinical trials for NeuroShield, EndoGlow. Dr. Jones seemed positive about the data.', 'Interaction focused on NeuroShield, EndoGlow. Key takeaway: positive sentiment observed regarding efficacy.', 'positive', '["NeuroShield", "EndoGlow"]', NULL);
INSERT INTO interactions (id, created_at, updated_at, doctor_id, interaction_date, interaction_type, status, raw_notes, ai_summary, sentiment, products_discussed, follow_up_date)
VALUES ('19673812d9ad4c2c8852274c70f6550a', '2026-06-01 00:38:15', '2026-06-01 00:38:15', 'd09a730ba7004fa795bdddc1a45c98b6', '2026-06-01', 'video', 'completed', 'Discussed recent clinical trials for OncoCare, Immuner. Dr. Jones seemed positive about the data.', 'Interaction focused on OncoCare, Immuner. Key takeaway: positive sentiment observed regarding efficacy.', 'positive', '["OncoCare", "Immuner"]', NULL);
INSERT INTO follow_ups (id, created_at, updated_at, doctor_id, interaction_id, due_date, description, priority, status)
VALUES ('3f200dc7d5984fa2aa7c731c8f93ea95', '2026-07-15 00:38:15', '2026-07-15 00:38:15', 'd09a730ba7004fa795bdddc1a45c98b6', '19673812d9ad4c2c8852274c70f6550a', '2026-07-15', 'Send detailed clinical trial reports for OncoCare.', 'high', 'pending');
INSERT INTO interactions (id, created_at, updated_at, doctor_id, interaction_date, interaction_type, status, raw_notes, ai_summary, sentiment, products_discussed, follow_up_date)
VALUES ('f67cd5b434d04c88970845fa5d998131', '2026-05-11 00:38:15', '2026-05-11 00:38:15', 'd09a730ba7004fa795bdddc1a45c98b6', '2026-05-11', 'in-person', 'completed', 'Discussed recent clinical trials for OncoCare. Dr. Jones seemed negative about the data.', 'Interaction focused on OncoCare. Key takeaway: negative sentiment observed regarding efficacy.', 'negative', '["OncoCare"]', NULL);
INSERT INTO follow_ups (id, created_at, updated_at, doctor_id, interaction_id, due_date, description, priority, status)
VALUES ('e554930ede294e84ad63541283c501ab', '2026-07-19 00:38:15', '2026-07-19 00:38:15', 'd09a730ba7004fa795bdddc1a45c98b6', 'f67cd5b434d04c88970845fa5d998131', '2026-07-19', 'Send detailed clinical trial reports for OncoCare.', 'high', 'pending');
INSERT INTO interactions (id, created_at, updated_at, doctor_id, interaction_date, interaction_type, status, raw_notes, ai_summary, sentiment, products_discussed, follow_up_date)
VALUES ('4359f3f77cf345548089530196e02338', '2026-04-14 00:38:15', '2026-04-14 00:38:15', 'd09a730ba7004fa795bdddc1a45c98b6', '2026-04-14', 'conference', 'completed', 'Discussed recent clinical trials for NeuroShield. Dr. Jones seemed positive about the data.', 'Interaction focused on NeuroShield. Key takeaway: positive sentiment observed regarding efficacy.', 'positive', '["NeuroShield"]', NULL);
INSERT INTO interactions (id, created_at, updated_at, doctor_id, interaction_date, interaction_type, status, raw_notes, ai_summary, sentiment, products_discussed, follow_up_date)
VALUES ('7740d92234d249e4b4b9cd4242cc534b', '2026-06-26 00:38:15', '2026-06-26 00:38:15', 'd09a730ba7004fa795bdddc1a45c98b6', '2026-06-26', 'phone', 'completed', 'Discussed recent clinical trials for OncoCare. Dr. Jones seemed neutral about the data.', 'Interaction focused on OncoCare. Key takeaway: neutral sentiment observed regarding efficacy.', 'neutral', '["OncoCare"]', NULL);
INSERT INTO follow_ups (id, created_at, updated_at, doctor_id, interaction_id, due_date, description, priority, status)
VALUES ('6c34cad59e114e6cbfcc5e8e6a1cd5fa', '2026-07-15 00:38:15', '2026-07-15 00:38:15', 'd09a730ba7004fa795bdddc1a45c98b6', '7740d92234d249e4b4b9cd4242cc534b', '2026-07-15', 'Send detailed clinical trial reports for OncoCare.', 'high', 'pending');
INSERT INTO ai_recommendations (id, created_at, updated_at, doctor_id, title, description, metadata_data, status)
VALUES ('5139b7ecff35434f9377eef7f438b749', '2026-07-09 00:38:15', '2026-07-09 00:38:15', 'd09a730ba7004fa795bdddc1a45c98b6', 'Focus on Neurology Applications', 'Based on previous positive engagement, Dr. Jones is a strong candidate for early adoption of our upcoming line of Neurology therapeutics. Recommend scheduling an in-person lunch meeting to present upcoming Q4 trial results.', '{"confidence": 79, "topics": ["Neurology", "early adoption"]}', 'active');
INSERT INTO interactions (id, created_at, updated_at, doctor_id, interaction_date, interaction_type, status, raw_notes, ai_summary, sentiment, products_discussed, follow_up_date)
VALUES ('65e8f36bb3bd48bcab0d6e84fee961b8', '2026-06-01 00:38:15', '2026-06-01 00:38:15', '8d43f9adf07144fe8bec78c50f705ef0', '2026-06-01', 'in-person', 'completed', 'Discussed recent clinical trials for OncoCare. Dr. Rodriguez seemed neutral about the data.', 'Interaction focused on OncoCare. Key takeaway: neutral sentiment observed regarding efficacy.', 'neutral', '["OncoCare"]', NULL);
INSERT INTO follow_ups (id, created_at, updated_at, doctor_id, interaction_id, due_date, description, priority, status)
VALUES ('91de82844c9141f3af442d188ef384e3', '2026-07-10 00:38:15', '2026-07-10 00:38:15', '8d43f9adf07144fe8bec78c50f705ef0', '65e8f36bb3bd48bcab0d6e84fee961b8', '2026-07-10', 'Send detailed clinical trial reports for OncoCare.', 'medium', 'pending');
INSERT INTO interactions (id, created_at, updated_at, doctor_id, interaction_date, interaction_type, status, raw_notes, ai_summary, sentiment, products_discussed, follow_up_date)
VALUES ('990845533f5c4ddbafd2a2a6340da635', '2026-05-06 00:38:15', '2026-05-06 00:38:15', '8d43f9adf07144fe8bec78c50f705ef0', '2026-05-06', 'video', 'completed', 'Discussed recent clinical trials for EndoGlow, VascuFlow. Dr. Rodriguez seemed neutral about the data.', 'Interaction focused on EndoGlow, VascuFlow. Key takeaway: neutral sentiment observed regarding efficacy.', 'neutral', '["EndoGlow", "VascuFlow"]', NULL);
INSERT INTO interactions (id, created_at, updated_at, doctor_id, interaction_date, interaction_type, status, raw_notes, ai_summary, sentiment, products_discussed, follow_up_date)
VALUES ('dc24cc2d2c4a41a18f6fe68b59100d90', '2026-04-21 00:38:15', '2026-04-21 00:38:15', '8d43f9adf07144fe8bec78c50f705ef0', '2026-04-21', 'conference', 'completed', 'Discussed recent clinical trials for VascuFlow. Dr. Rodriguez seemed positive about the data.', 'Interaction focused on VascuFlow. Key takeaway: positive sentiment observed regarding efficacy.', 'positive', '["VascuFlow"]', NULL);
INSERT INTO interactions (id, created_at, updated_at, doctor_id, interaction_date, interaction_type, status, raw_notes, ai_summary, sentiment, products_discussed, follow_up_date)
VALUES ('9a589414c7d74f3281af106a270740d5', '2026-06-12 00:38:15', '2026-06-12 00:38:15', '8d43f9adf07144fe8bec78c50f705ef0', '2026-06-12', 'email', 'completed', 'Discussed recent clinical trials for VascuFlow, RespiraClear. Dr. Rodriguez seemed neutral about the data.', 'Interaction focused on VascuFlow, RespiraClear. Key takeaway: neutral sentiment observed regarding efficacy.', 'neutral', '["VascuFlow", "RespiraClear"]', NULL);
INSERT INTO interactions (id, created_at, updated_at, doctor_id, interaction_date, interaction_type, status, raw_notes, ai_summary, sentiment, products_discussed, follow_up_date)
VALUES ('52ff22e753f7471fb46aa10b72f11cbf', '2026-05-22 00:38:15', '2026-05-22 00:38:15', '8d43f9adf07144fe8bec78c50f705ef0', '2026-05-22', 'video', 'completed', 'Discussed recent clinical trials for Immuner, DiabetX. Dr. Rodriguez seemed positive about the data.', 'Interaction focused on Immuner, DiabetX. Key takeaway: positive sentiment observed regarding efficacy.', 'positive', '["Immuner", "DiabetX"]', NULL);
INSERT INTO follow_ups (id, created_at, updated_at, doctor_id, interaction_id, due_date, description, priority, status)
VALUES ('9555c9a01f394602a9fcdffdb0cc4abc', '2026-07-23 00:38:15', '2026-07-23 00:38:15', '8d43f9adf07144fe8bec78c50f705ef0', '52ff22e753f7471fb46aa10b72f11cbf', '2026-07-23', 'Send detailed clinical trial reports for Immuner.', 'high', 'pending');
INSERT INTO ai_recommendations (id, created_at, updated_at, doctor_id, title, description, metadata_data, status)
VALUES ('87f4e635b1d34673b758f15a9d29c469', '2026-07-09 00:38:15', '2026-07-09 00:38:15', '8d43f9adf07144fe8bec78c50f705ef0', 'Focus on Endocrinology Applications', 'Based on previous positive engagement, Dr. Rodriguez is a strong candidate for early adoption of our upcoming line of Endocrinology therapeutics. Recommend scheduling an in-person lunch meeting to present upcoming Q4 trial results.', '{"confidence": 92, "topics": ["Endocrinology", "early adoption"]}', 'active');
INSERT INTO interactions (id, created_at, updated_at, doctor_id, interaction_date, interaction_type, status, raw_notes, ai_summary, sentiment, products_discussed, follow_up_date)
VALUES ('2f313711bd2e4728af97d74ebdbba13e', '2026-05-27 00:38:15', '2026-05-27 00:38:15', '4f56abd5d9c54b6788e4860fa3a1177b', '2026-05-27', 'in-person', 'completed', 'Discussed recent clinical trials for OncoCare, DiabetX. Dr. Martinez seemed positive about the data.', 'Interaction focused on OncoCare, DiabetX. Key takeaway: positive sentiment observed regarding efficacy.', 'positive', '["OncoCare", "DiabetX"]', NULL);
INSERT INTO follow_ups (id, created_at, updated_at, doctor_id, interaction_id, due_date, description, priority, status)
VALUES ('38e1ca7b489749aba12f1a02a8ba47a4', '2026-07-15 00:38:15', '2026-07-15 00:38:15', '4f56abd5d9c54b6788e4860fa3a1177b', '2f313711bd2e4728af97d74ebdbba13e', '2026-07-15', 'Send detailed clinical trial reports for OncoCare.', 'high', 'pending');
INSERT INTO interactions (id, created_at, updated_at, doctor_id, interaction_date, interaction_type, status, raw_notes, ai_summary, sentiment, products_discussed, follow_up_date)
VALUES ('2dbd210542ea4eaaaed3a603e3ca4703', '2026-04-14 00:38:15', '2026-04-14 00:38:15', '4f56abd5d9c54b6788e4860fa3a1177b', '2026-04-14', 'conference', 'completed', 'Discussed recent clinical trials for DiabetX. Dr. Martinez seemed positive about the data.', 'Interaction focused on DiabetX. Key takeaway: positive sentiment observed regarding efficacy.', 'positive', '["DiabetX"]', NULL);
INSERT INTO interactions (id, created_at, updated_at, doctor_id, interaction_date, interaction_type, status, raw_notes, ai_summary, sentiment, products_discussed, follow_up_date)
VALUES ('89ce54d8b8924c69b7e80eafa1a71b4c', '2026-07-07 00:38:15', '2026-07-07 00:38:15', '4f56abd5d9c54b6788e4860fa3a1177b', '2026-07-07', 'video', 'completed', 'Discussed recent clinical trials for VascuFlow, Immuner. Dr. Martinez seemed positive about the data.', 'Interaction focused on VascuFlow, Immuner. Key takeaway: positive sentiment observed regarding efficacy.', 'positive', '["VascuFlow", "Immuner"]', NULL);
INSERT INTO interactions (id, created_at, updated_at, doctor_id, interaction_date, interaction_type, status, raw_notes, ai_summary, sentiment, products_discussed, follow_up_date)
VALUES ('2b1826e209054b648a9c291541eccf83', '2026-05-20 00:38:15', '2026-05-20 00:38:15', '4f56abd5d9c54b6788e4860fa3a1177b', '2026-05-20', 'phone', 'completed', 'Discussed recent clinical trials for NeuroShield, VascuFlow. Dr. Martinez seemed neutral about the data.', 'Interaction focused on NeuroShield, VascuFlow. Key takeaway: neutral sentiment observed regarding efficacy.', 'neutral', '["NeuroShield", "VascuFlow"]', NULL);
INSERT INTO follow_ups (id, created_at, updated_at, doctor_id, interaction_id, due_date, description, priority, status)
VALUES ('8d51c5cb6e5c4e6593f85d7362eab7e5', '2026-07-13 00:38:15', '2026-07-13 00:38:15', '4f56abd5d9c54b6788e4860fa3a1177b', '2b1826e209054b648a9c291541eccf83', '2026-07-13', 'Send detailed clinical trial reports for NeuroShield.', 'high', 'pending');
INSERT INTO ai_recommendations (id, created_at, updated_at, doctor_id, title, description, metadata_data, status)
VALUES ('2af8712fa4aa4c3d9c43fb38cf6c0965', '2026-07-09 00:38:15', '2026-07-09 00:38:15', '4f56abd5d9c54b6788e4860fa3a1177b', 'Focus on Endocrinology Applications', 'Based on previous positive engagement, Dr. Martinez is a strong candidate for early adoption of our upcoming line of Endocrinology therapeutics. Recommend scheduling an in-person lunch meeting to present upcoming Q4 trial results.', '{"confidence": 80, "topics": ["Endocrinology", "early adoption"]}', 'active');
INSERT INTO interactions (id, created_at, updated_at, doctor_id, interaction_date, interaction_type, status, raw_notes, ai_summary, sentiment, products_discussed, follow_up_date)
VALUES ('aa2b6a45958d4e9db547058e0776286e', '2026-05-19 00:38:15', '2026-05-19 00:38:15', '52f1a77489644881a2616b06c910fee6', '2026-05-19', 'in-person', 'completed', 'Discussed recent clinical trials for OncoCare. Dr. Garcia seemed neutral about the data.', 'Interaction focused on OncoCare. Key takeaway: neutral sentiment observed regarding efficacy.', 'neutral', '["OncoCare"]', NULL);
INSERT INTO interactions (id, created_at, updated_at, doctor_id, interaction_date, interaction_type, status, raw_notes, ai_summary, sentiment, products_discussed, follow_up_date)
VALUES ('bc452b14b54845aea6e871d7a30ce51f', '2026-07-08 00:38:15', '2026-07-08 00:38:15', '52f1a77489644881a2616b06c910fee6', '2026-07-08', 'in-person', 'completed', 'Discussed recent clinical trials for Immuner. Dr. Garcia seemed neutral about the data.', 'Interaction focused on Immuner. Key takeaway: neutral sentiment observed regarding efficacy.', 'neutral', '["Immuner"]', NULL);
INSERT INTO follow_ups (id, created_at, updated_at, doctor_id, interaction_id, due_date, description, priority, status)
VALUES ('c979ac8dfeda41ac9fcc14c47c7d801d', '2026-07-21 00:38:15', '2026-07-21 00:38:15', '52f1a77489644881a2616b06c910fee6', 'bc452b14b54845aea6e871d7a30ce51f', '2026-07-21', 'Send detailed clinical trial reports for Immuner.', 'medium', 'pending');
INSERT INTO ai_recommendations (id, created_at, updated_at, doctor_id, title, description, metadata_data, status)
VALUES ('419d632d43144ec5911825282c7909fd', '2026-07-09 00:38:15', '2026-07-09 00:38:15', '52f1a77489644881a2616b06c910fee6', 'Focus on Oncology Applications', 'Based on previous positive engagement, Dr. Garcia is a strong candidate for early adoption of our upcoming line of Oncology therapeutics. Recommend scheduling an in-person lunch meeting to present upcoming Q4 trial results.', '{"confidence": 88, "topics": ["Oncology", "early adoption"]}', 'active');
INSERT INTO interactions (id, created_at, updated_at, doctor_id, interaction_date, interaction_type, status, raw_notes, ai_summary, sentiment, products_discussed, follow_up_date)
VALUES ('855dbcf3b3fe4d2f8ac3c1bb16468528', '2026-05-27 00:38:15', '2026-05-27 00:38:15', '57a9213f80464cfea22179618011d4df', '2026-05-27', 'in-person', 'completed', 'Discussed recent clinical trials for CardioMax, NeuroShield. Dr. Davis seemed negative about the data.', 'Interaction focused on CardioMax, NeuroShield. Key takeaway: negative sentiment observed regarding efficacy.', 'negative', '["CardioMax", "NeuroShield"]', NULL);
INSERT INTO interactions (id, created_at, updated_at, doctor_id, interaction_date, interaction_type, status, raw_notes, ai_summary, sentiment, products_discussed, follow_up_date)
VALUES ('2b910dafa5ba48c19320108c28d4c7b2', '2026-05-06 00:38:15', '2026-05-06 00:38:15', '57a9213f80464cfea22179618011d4df', '2026-05-06', 'in-person', 'completed', 'Discussed recent clinical trials for NeuroShield, EndoGlow. Dr. Davis seemed positive about the data.', 'Interaction focused on NeuroShield, EndoGlow. Key takeaway: positive sentiment observed regarding efficacy.', 'positive', '["NeuroShield", "EndoGlow"]', NULL);
INSERT INTO interactions (id, created_at, updated_at, doctor_id, interaction_date, interaction_type, status, raw_notes, ai_summary, sentiment, products_discussed, follow_up_date)
VALUES ('d805e1346dac4920b411dbc87d813afe', '2026-05-14 00:38:15', '2026-05-14 00:38:15', '57a9213f80464cfea22179618011d4df', '2026-05-14', 'phone', 'completed', 'Discussed recent clinical trials for OncoCare, CardioMax. Dr. Davis seemed positive about the data.', 'Interaction focused on OncoCare, CardioMax. Key takeaway: positive sentiment observed regarding efficacy.', 'positive', '["OncoCare", "CardioMax"]', NULL);
INSERT INTO interactions (id, created_at, updated_at, doctor_id, interaction_date, interaction_type, status, raw_notes, ai_summary, sentiment, products_discussed, follow_up_date)
VALUES ('8c92e2f178514efab16b69abd7d78998', '2026-05-16 00:38:15', '2026-05-16 00:38:15', '57a9213f80464cfea22179618011d4df', '2026-05-16', 'conference', 'completed', 'Discussed recent clinical trials for CardioMax. Dr. Davis seemed negative about the data.', 'Interaction focused on CardioMax. Key takeaway: negative sentiment observed regarding efficacy.', 'negative', '["CardioMax"]', NULL);
INSERT INTO follow_ups (id, created_at, updated_at, doctor_id, interaction_id, due_date, description, priority, status)
VALUES ('91858852d92a4373803fc12122d8b14e', '2026-07-23 00:38:15', '2026-07-23 00:38:15', '57a9213f80464cfea22179618011d4df', '8c92e2f178514efab16b69abd7d78998', '2026-07-23', 'Send detailed clinical trial reports for CardioMax.', 'medium', 'pending');
INSERT INTO ai_recommendations (id, created_at, updated_at, doctor_id, title, description, metadata_data, status)
VALUES ('573739ac99d34cdcaae00a51bd5d4d85', '2026-07-09 00:38:15', '2026-07-09 00:38:15', '57a9213f80464cfea22179618011d4df', 'Focus on Neurology Applications', 'Based on previous positive engagement, Dr. Davis is a strong candidate for early adoption of our upcoming line of Neurology therapeutics. Recommend scheduling an in-person lunch meeting to present upcoming Q4 trial results.', '{"confidence": 95, "topics": ["Neurology", "early adoption"]}', 'active');
